text_id,text,job_title,company,salary,tg,grade
9,"#вакансия #vacancy #Python #удаленка #flask #relocation #senior

Позиция: Senior Python developer
Компания: Collectly
Формат работы: Удаленно (не на территории РФ/РБ)
Вилка: 6000-9000$.net
Трудоустройство: ИП или ТК Армении
Занятость: fulltime

Контакты: @ann_gfio

Collectly - американская технологическая компания, прошедшая акселератор Y Combinator, специализирующаяся на автоматизации биллинга в медицинской сфере США. За почти 4 года существования компания стала прибыльной и стабильной, а также приобрела статус быстрорастущей организации.

Collectly - первая в мире система, обеспечивающая автономное взаимодействие американских медицинских учреждений с пациентами в отношении медицинских счетов. Компания помогает пациентам разобраться в страховых планах, оплатить счета и получить финансовую помощь, снижая операционные расходы медицинских учреждений. Работа компании Collectly решает важные социальные проблемы в США и получает признание ведущих отраслевых журналов.

🔎 Кого ищем? 

Мы ищем сильного инженера, который готов работать в маленькой, но быстрорастущей технической команде: нужно уметь решать практические задачи просто (=> быстро), при этом свобода выбора за решение лежит на вас. Но и ответственность тоже! 

Процессы и инструменты:
- Недельные спринты с одним большим совещанием. JIRA для задач, Slack и Zoom для общения;
- Внедрен CI/CD на основе Gitlab, тесты в пайплайне. Релизы каждой фичи независимые. Кто фичу писал — тот за неё и ответственный;
- Code review перед Merge Request, посмотреть может каждый.

Стек:
Python, Flask, SqlAlchemy, PostgreSQL, Marshmallow, Celery, RabbitMQ, Redis. Custom REST API framework.

Требования:
- У вас должен быть практический опыт коммерческой web разработки от 4 лет и более;
- Есть большой опыт работы с SQLAlchemy;
- Хорошо знаете английский язык - В2 и выше;
- Опыт работы с асинхронным кодом.

Мы предлагаем:
- Полностью удаленная full-time вакансия; 
- Опцион (право на получение акций) в американском стартапе.",Python developer,Collectly,6000-9000 $,@ann_gfio,middle
31,"#ВАКАНСИЯ  #Системный_аналитик #РФ
 
АКЦИОНЕРНОЕ ОБЩЕСТВО «ГЛАВНЫЙ НАУЧНЫЙ ИННОВАЦИОННЫЙ ВНЕДРЕНЧЕСКИЙ ЦЕНТР» (АО «ГНИВЦ») - ведущий разработчик автоматизированных информационных систем, программных комплексов для налоговых органов, банков, органов государственной и муниципальной власти, муниципальных образований приглашает в команду на должность СИСТЕМНОГО АНАЛИТИКА . 
 
ПРОЕКТ: Озеро данных
Проект вакансии разработка и доработка высонагруженной системы с использованием подходов микросервисной архитекторы по запуску и управлению несколькими тысячами информационных потоков в разнородных вычислительных средах. Back-end приложения 
ЗАРАБОТНАЯ ПЛАТА: 320 000 - 370 000 рублей 
ЧТО ПРЕДСТОИТ ДЕЛАТЬ: 
• Участие в проектировании и проектирование архитектуры инструментария существующей платформы. 
• Сбор, оформление и формализация требований на разработку (доработку) инструментария существующей платформы. 
• Исследование, оптимизация и формализация существующих процессов работы с инструментарием платформы. 
• Оформление структурированных документов (документирование) на инструментарий и процессы платформы с применением корпоративных стандартов. 
• Оформление диаграмм в нотациях: UML, ER. 
• Аналитическое тестирование инструментария платформы. 
• Поддержка пользователей по разработанному инструментарию платформы. 
• Исследование и анализ данных, построение и подтверждение гипотез происхождения данных. 
• Проектирование и участие в разработке структур данных (таблиц, представлений, хранимых процедур). 
• Контроль качества данных. 
• Участие в планировании и решение запланированных задач. 
 
ЧТО МЫ ОЖИДАЕМ ОТ ВАС: 
• Умение и наличие желания осуществлять документирование информационных систем с применением корпоративных стандартов. 
• Знание и понимание методологии проектирования информационных систем, в том числе с использованием микросервисной архитектуры, опыт проектирования одной или более информационных систем. 
• Знание и понимание методологий работы с хранилищами данных (в том числе с распределёнными). 
• Опыт работы с любой(ыми) СУБД; Oracle, PostgreSQL, MS SQL, Hive. 
• Знание и умение применять SQL. 
• Знание и умение работать с системами контроля версий. 
• Умение и желание решать нестандартные аналитические задачи под ключ. 
• Умение и желание работать в команде профессионалов. 
 
МЫ ПРЕДЛАГАЕМ: 
• Удаленный формат работы на территории РФ; 
• Пятидневную рабочую неделю (Пн. – Чт. с 09.00 до 18.00, Пт. с 09.00 до 16.45); 
• Высокую заработную плату по результатам собеседования, премии за эффективную работу и результат; 
• Оформление в соответствии с требованиями ТК РФ: оплачиваемые отпуска + доплата к отпуску 50% от оклада через 11 месяцев работы в Компании, выплата заработной платы дважды в месяц и др.; 
• Компенсация Больничный листа продолжительностью до 7 дней с сохранением полной оплаты, какая была бы в случае нахождения на работе. 
 
И ПЛЮШКИ: 
• Профессиональное обучение и сертификация за счёт компании - мы организуем митапы, хакатоны, конференции, семинары и тренинги: как внутренние, так и внешние. 
• ДМС по окончании испытательного срока, с огромным перечнем лучших медучреждений и включая классную стоматологию; 
• Партнерские программы по обучению иностранному языку и прокачки скиллов от Skyeng и Skillbox; 
• Доступ к корпоративной библиотека на платформе Alpina Digital; 
• Возмещение до 50 % затрат на занятие спортом; А также, множество других приятных и интересных бонусов и преференций. 
 
КОНТАКТ: @NatalyaMaki",Системный аналитик,АО «ГНИВЦ»,320000-370000 руб.,@NatalyaMaki,None
28,"#вакансия #vacancy #job #senior #data #DB #database #engineer #architect #administrator #blockchain #crypto #fulltime #удаленка  #Match_Systems

Вакансия: Senior Database Administrator
Компания: Match Systems — продукты в сфере blockchain. Работа удаленно, с перспективами релокации или без перемещения (по выбору сотрудника)
Продукт : связан с разработкой программного комплекса для анализа и отслеживания блокчейн-транзакций для различных криптовалют (AML - anti money laundering) ; создание экосистем для принятия платежей и обмена криптовалют
Локация компании: Сингапур, Дубай, Москва, Казахстан 
Зарплатная вилка: от 3000$ (определяется по результатам собеседования) 
Занятость: полная (на протяжении стажировки возможна частичная)

Задачи :
- Проектирование структуры хранения данных из сети блокчейн;
- Оптимизации запросов к данным, консультации разработчиков;
- Поддержка заданного уровня производительности при росте объемов данных.
- Создание\мониторинг\поддержание ETL\ELT процессов для данных различных сетей блокчейн;

Стек : Neo4j, ClickHouse, PostgreSQL, ElasticSearch, Kafka, Debezium, Airflow.

Требования :
     I. Обязательно:
- Уверенные знания SQL;
- Понимание физической логики исполнения запросов к БД (планы запросов);
- Опыт проектирования БД;
- Опыт работы с нагруженными БД, опыт решения проблем производительности;
- Знание как реляционных так и NoSQL СУБД.
- Опыт разработки промышленных ETL\ELT решений;
     II.  Желательно:
- Общее понимание технологий Blockchain;
- Опыт промышленной эксплуатации ClickHouse;
- Владение хотя бы одним языком разработки;
- Опыт промышленной эксплуатации Neo4j, знание языка Cypher;

Условия:
- Работа удаленно ;
- Фиксация зарплаты в долларе ;
- Конкурентный уровень ЗП ;
- Интересные задачи, обмен опытом в востребованной сфере с более опытными специалистами.

Для связи :
@lex_kertis",Database Administrator,Match Systems,от 3000 $,@lex_kertis,senior
49,"#вакансия #fulltime #remote 

🔎 Ищем Руководителя отдела системного администрирования в финтех продукт 🔍

📍 УДАЛЕННО (кроме РФ)
______

💰ЗП:  от 3000$ + ДМС, техника
+ регулярный пересмотр грейда и ЗП

Мы финтех компания, которая занимается разработкой платежных решений на международном рынке. 

Разрабатываем классный платежный сервис, с возможностью как карточных переводов так и крипты, которые соответствуют требованиям МПС. 

Наш проект помогает онлайн-бизнесу создавать возможности для развития и выхода на новые страны.

📍На данный момент ищем Руководителя отдела системного администрирования в команду.

☑️ Чем предстоит заниматься: 
* управлять операционной деятельностью отдела, инициировать, распределять и контролировать задачи;
* участвовать в процессах запуска продуктов с последующей поддержкой систем;
* вести бюджет, проводить анализ и оптимизацию затрат.

💡 Наш идеальный напарник:
* понимание Devops практик, знание как работают с системы виртуализации (kubernetes);
* опыт управления командой;
* умение готовить инфраструктуру под проекты в соответствии с парадигмой Infrastructure As Code (terraform, ansible);

Будет преимуществом:
* понимание работы реляционных и не реляционных СУБД,

🔥Взамен приготовили для вас:

* белая ЗП + регулярные пересмотры;
* удаленный формат работы;
* отличная техника;
* обеспечиваем хорошей ДМС;
* корпоративный английский, компенсация фитнеса;
* поддержка психолога и юриста;

ВАЖНО: оформление официальное, если вы в Грузии, Кипре либо Казахстане. 

Если находитесь в других странах, то выплаты просто на карту в USDT
—————

Обсудим? @ResearcherRIT",Руководитель отдела системного администрирования,финтех компания,от 3000 $,@ResearcherRIT,"middle, senior"
18,"#vacancy #job #analyst #travel #sirenatravel #fulltime #вакансия #работа

Вакансия: Analyst
Компания: Sirena Travel
Продукт: Mixvel
Местоположение: Россия, Москва
Вилка: 120-180к. net (готовы к обсуждению)
Формат работы: Удаленно/офис

О компании:
Mixvel - это полностью автоматизированная B2B highload система бронирования, объединяющая весь контент travel рынка, включая расписание рейсов, стоимость билетов и многое другое. Клиентами компании являются Ozon.travel, OneTwoTrip и Kupibilet.

В связи с ростом и развитием продукта, компания в поисках самостоятельного и опытного аналитика, который отлично разбирается в системах и бизнес-процессах. 

Используемые инструменты:
Jira, Confluence, программы - тарифные системы, BI системы финтех, инструменты моделирования, визуализации бизнес-процессов. 

⚡ Тебе предстоит:
- Анализировать, структурировать, моделировать  существующие -бизнес-процессов и построение БП с ""0"" в формате “As Is” - ”To Be”;
- Организовывать и проводить диагностики сквозных бизнес процессов;
- Заниматься подготовкой технических заданий, бизнес требований по доработкам системы;
- Валидировать и верифицировать ТЗ, ФС и ФД, разработанных внешними и внутренними исполнителями, перед запуском их в разработку;
- Разрабатывать и поддерживать в актуальном состоянии внутренних нормативных документов (регламенты, положения, инструкции);
- Обеспечивать процесс внедрения и функционирования разработанных нормативных документов;
- Эффективно взаимодействовать со смежными структурными подразделениями.

🚀 Мы ожидаем, что ты обладаешь:
- Опытом работы в аналогичной должности от 2-х лет;
- Умением разрабатывать и внедрять IT-проекты;
- Знаниями и опытом работы с тарифными системами, BI-системами и Финтех;
- Знаниями методологии моделирования бизнес-процессов и опытом работы с инструментарием моделирования;
- Знаниями и опытом работы по методологиям Agile/Scrum/Kanban;
- Опытом разработки нормативной документации;
- Опытом работы в авиа/travel/IT отраслях будет преимуществом.

💗 Мы предлагаем:
- ДМС в Московском регионе или компенсацию через год работы при самостоятельном приобретении в твоем регионе;
- Гибкое начало и окончание рабочего дня;
- Возможность работать в стабильной и развивающейся компании с 20-летней историей и уникальной отраслью;
- Поддержку руководителей, способствующих развитию вертикального и горизонтального роста;
- Максимально комфортную обстановку и атмосферу в компании без жестких систем учета;
- Атмосферу стартапа с различными мероприятиями. 

Контакт: @ann_gfio",Analyst,Sirena Travel,120000-180000 руб.,@ann_gfio,middle
48,"#вакансия #fulltime #remote #lookfor #devops

В международную компанию ищем Senior DevOps инженера
Компания: Mad Devs
Вакансия: DevOps инженер
Вилка: до 5000$
Формат работы: удаленка, локация не важна

☑️Наши требования:
- Опыт работы с AWS в коммерческом проекте от 2х лет
- Знание концепций облака и способов разработки безопасных и высокодоступных решений в облаке
- Опыт работы по оптимизации затрат на инфраструктуру
- Обширный опыт работы с подходом с Terraform и Terragrunt (написание своих модулей, multi-account structure )
- Опыт работы с EKS в коммерческом проекте (Знание его особенностей)
- Работа с системами мониторинга, логирования, оповещения и управления инцидентами
- Развертывание тестовых сред/инфраструктур для бэкэнда, фронтенда и мобильных устройств
- Уровень английского B1+

☑️Будет плюсом:
- Сертификация AWS (системный администратор/разработчик/архитектор)
- Разговорный английский
- Опыт построения инфраструктуры в соответствии с: HIPAA, GDPR, PCI DSS, ISO 27001, СНГ
- Опыт работы с Ansible
- Опыт работа с AWS Code Commit, AWS Code Build, AWS Code Deploy. 

☑️ Условия:
- Отличные коллеги и руководители
- Конкурентная заработная плата, долларовая привязка ставки
- Фуллтайм
- Официальное трудоустройство, юридическая помощь в оформлении сотрудничества
- Экспертная команда разработчиков 
- Руководство компании имеет инженерное образование. Мы регулярно проводим инженерные встречи, на которых обсуждаем трудности, с которыми сталкиваемся в процессе работы, и технологические новинки.
- Возможность обучения за счет компании: курсы, электронная библиотека, участие и выступления на конференциях. Мы сами регулярно выступаем с докладами на таких конференциях, как FOSDEM, TeamLeadConf, Golang Conf, GDG DevFests и других, поэтому поможем с подготовкой доклада.

Контакт: @recruiter_maddevs 
‼️Присылать CV с пометкой DevOps‼️",DevOps инженер,Mad Devs,до 5000 $,@recruiter_maddevs,senior
41,"#вакансия #senior #middle+ #lead #удаленка #офис #fulltime #Platforma #SystemsAnalyst
◽️Вакансия: Системный аналитик
◽️Гражданство: РФ (локация не имеет значение) 
◽️Заработная плата: 180 000 - 300 000 на руки 
◽️Занятость: Полный день
◽️Компания: Платформа
◽️Требуемый опыт работы: более 3 лет в системном анализе

✅ Привет!
Мы разрабатываем проект, аналогов которому нет на рынке России. Разработка идёт уже 4 месяца и сейчас нас порядка 40 человек в 3 командах, планируем запустить ещё 3.

Наша задача построить платформу, которая в автоматическом режиме будет изготавливать проектную документацию для многоквартирного дома без участия человека.

✅ Требования:

- Понимание специфики строительного процесса и опыт в BIM от 3х лет;
- Опыт работы в роли IT Product/project manager продуктах;
- Практический опыт взаимодействия с командой разработки для координации сроков проекта — высоко организованы, проактивны, знаете Agile;
- Высшее строительное образование.


✅ Тех стек команды: С#/ .NET 7.0/ SberCloud – далее технологии будут добавлять, ограничений нет 


✅ Что мы можем предложить:

- Интересные и нетривиальные задачи;
- Увлеченная и сплоченная команда;
- Трудоустройство по ТК РФ;
- Конкурентоспособная белая заработная плата.

📱Писать/резюме:
Тг - @Alexandrabogdanova_96",Системный аналитик,Платформа,180000-300000 руб.,@Alexandrabogdanova_96,"middle+, senior, lead"
6,"#job #python #django #javascript #react #fullstack #remote

Привет! Мы - ivelum
Вакансия: Python/Django full-stack разработчика (https://job.ivelum.com/python/) (ссылка ведет на сайт вакансии - там подробнее о проектах и есть видео про вакансию)
Формат работы: full-time, удалённо
Стек технологий: Python 3.11, Django 4, React.js, GraphQL, Docker, AWS
З/п: $4000 - $6000

География: к сожалению, сейчас мы не можем заключать контракты с разработчиками, находящимися на территории РФ и Белорусси
Если вы являетесь гражданами указанных стран, но проживаете в другом месте - откликайтесь!

Технологии и процессы:
Python 3.11, Django 4, React.js, GraphQL, Docker, AWS. Все наши проекты глубоко автоматизированы, включая развертывание как продакшен-инфраструктуры, так и локального окружения разработки. Мы активно применяем автоматизированное тестирование, линтеры и code review

Условия:
🔹удаленка, свободный график, полная занятость. Работа с частичной занятостью не рассматривается;
🔹корпоративный Macbook или денежная компенсация на покупку собственного оборудования;
🔹курсы английского с профессиональным преподавателем - носителем языка;
🔹пакет компенсаций, который вы можете потратить на здоровье, поездки, апгрейд личной техники для работы и не только
(подробнее в нашей классной wiki (https://github.com/ivelum/job/wiki))

О вас:
🔸не меньше 4-х лет опыта в веб-разработке,
🔸вы готовы работать как над бекендом, так и над фронтендом, и инфраструктурная часть вам также не чужда,
🔸все технологии из нашего стека знать необязательно, но, как минимум — опыт работы с Python, JavaScript и Linux,
🔸русский язык — обязательно, т.к. у нас русскоязычная команда,
English — достаточно уровня Intermediate и готовности его улучшать (у нас налажено корпоративное обучение английскому).

Как откликнуться: у нас есть анкета (вместо резюме) (https://job.ivelum.com/python/form/)
Будут вопросы -> пишите мне @lebedevaoi",Python/Django full-stack разработчика,ivelum,4000-6000 $,@lebedevaoi,middle
17,"#вакансия #vacancy #middle #senior #remote #удаленно #fulltime  #go 

Go разработчик (middle, senior)

Зарплата: до 500 т.р. на руки (зп определяется по итогам тех.собеса)

КА Алешин Д.А.

Формат работы: полная занятость, удаленная работа или офис г.Москва

Проект: 
Команда занимается комплексной автоматизацией цифровой экосистемы крупного ритейлера уже более 12 лет. В составе направления более 250 IT-специалистов уровня middle и senior.

Обязанности:
-участвовать в разработке архитектуры новых сервисов
- создавать новые REST API, поддерживать и оптимизировать существующие
- изучать и внедрять новые технологий
- разрабатывать микросервисы
- участвовать в планировании задач команды
- писать unit тесты

Требования:
- знание русского языка для общения внутри команды
- опыт разработки на Go от 2 лет;
- опыт работы с Docker, MSSQL, Git;
- понимание многопочности, параллельных вычислений и широко используемых структур данных и алгоритмов.

Условия:
- график работы 5/2 с 9 до 18 по мск
- работу в аккредитованной ИТ-компании
- возможность удаленной работы, а также в офисе в Москве (м. Румянцево)
- официальное оформление с первого дня работы по ТК РФ, возможно оформление по ИП/ГПХ
- поддержка куратора во время адаптации
- внутреннее обучение soft & hard skills, создание индивидуального плана развития
- партнерскую программу «Зелёный свет»: за рекомендации знакомых специалистов можно получить до 80 000 руб
- система бенефитов: компенсация медицинских расходов, возможность беспроцентного займа, компенсация обучения, спортивных занятий и затрат на обучение детей программированию
- богатый опыт сплоченной и профессиональной команды

Резюме присылать: @AleshinDmitry80",Go разработчик,КА Алешин Д.А.,до 500000 руб.,@AleshinDmitry80,"middle, senior"
4,"Вакансия: Разработчик (Vue.js / Golang) для написания телеграм приложения (апки) 

Требования:
- Опыт работы с Vue.js для фронтенда.
- Знание Golang для бэкенда.
- Рассматривает джунов в том числе

Условия:
- Работа удаленно.
- Фриланс.
- Оплата за проект, поэтапная оплата.
- Заинтересованы? Пишите в лс с пометкой РАБОТА и отправляйте сразу резюме. В ответ вы получите полное ТЗ.",Разработчик,None,None,None,junior
50,"#vacancy #relocate #fulltime #LeadUIUXDesigner #gamedev
Вакансия для Lead UI/UX Designer.
C чем работать: мобильная игра в стиле merge,казуалка.
Оформление: штат.
🖌Что будет важным:
 - Опыт разработки коммерческих интерфейсов более 3-х лет в gamedev.
 - Умение проектировать интерфейсы мобильных игр с нуля; 
 - Опыт работы с Figma, Photoshop, Unity будет плюсом; 
 - Навыки 2D и иллюстрации; 
 - Умение создавать лаконичную и красивую иконографию.
Буду рада ответить на все вопросы 📩 @alesyaly",UI/UX Designer,None,None,@alesyaly,senior
32,"#вакансия #удаленка #vacancy #startup #QA #middle #senior #remote

Вакансия: QA automation Engineer (Python)
Компания: CFPS (https://cfps.co/)
Вилка: 180. 000 -250.000 рублей на руки
Контакты: @Ana_Itrecruiter

Всем привет! Меня зовут Анна)
На данный момент нахожусь в поиске QA engineer Python в быстроразвивающийся финтех стартап.

Твои задачи:
- Разработка и выполнение автоматизированных тестов для веб приложений;
- Анализ требований и создание эффективных тестовых сценариев;
- Идентификация и отслеживание дефектов;
- Разработка и поддержка тестовых фреймворков;
- Участие в регрессионном тестировании и обеспечение стабильности продукта;
- Взаимодействие с разработчиками и QA для обеспечения качества продукта;
- Поддержка CI/CD в тестировании;
- Анализ и оптимизация процессов тестирования.

Ждем от тебя:
- Опыт работы в качестве QA Automation Engineer не менее 3 лет;
- Опыт работы с языком программирования Python;
- Владение английским языком не ниже уровня B2;
- Опыт в тестировании веб-приложений;
- Инструменты автоматизации тестирования (Selenium, Appium);
- Опыт с Git и методологиями Agile/Scrum;
- Опыт работы с инструментами управления задачами и баг-трекинга;
- Опыт работы с CI/CD системами будет плюсом.

Мы предлагаем:
- Полностью удаленная работа;
- Международный опыт;
- Возможности карьерного роста;
- Работаем по эстонскому календарю;
- Оформление через юр. лицо РФ;
- Дружный коллектив и приятная рабочая атмосфера.",QA automation Engineer,CFPS,180000-250000 руб.,@Ana_Itrecruiter,"middle,senior"
38,"✅Senior Full Stack PHP-разработчик
от 250 000 руб.
GetCourse.Удаленно
Fullstack разработка.🎇Ключевая задача: писать структурированный качественный код на Yii 2.0.
🎇Основные обязанности
Разработка функций (фич): бизнес-логики и интерфейсов для пользователей, внутренних алгоритмов, обработки больших объемов данных, оптимизации производительности
Фронт максимально простой (на бутстрап-компонентах, без строгого дизайна)
Немного поддержки уже существующих функций (мы активно развиваемся и саппорта не много)
Мы не только создаем новые фичи, но решаем задачи по техническому долгу
Какого кандидата мы ищем

Обязательные требования:
📌Опыт коммерческой разработки на PHP 5+ лет, отличное владение, понимание ООП
📌Опыт разработки на Yii 2 или опыт с другим подобным фреймворком. Мы активно используем Yii 2
SQL на продвинутом уровне. Нужно писать запросы не просто, чтобы они вывели нужные данные, но и были оптимальными и быстрыми
Linux (Ubuntu). Умение работать в ОС семейства Linux
JS и jQuery. Умение читать и писать frontend-код
📌Владение Redis, RabbitMQ, Kafka, ClickHouse
Что мы можем предложить взамен

🏡Условия работы
Место работы: удаленно или ""гибрид"", офис в Москве, м. улица 1905 года
График работы: полная занятость, 5/2, гибкое начало рабочего дня
Официальное оформление по ТК РФ в аккредитованной Минцифрой IT-компании
💰Вознаграждение
Размер оклада: от 250 000 руб.
Годовой бонус в размере 1 оклада (зависит от личных результатов и результатов компании)
Социальный пакет
Расширенный пакет ДМС со стоматологией после испытательного срока (через 3 месяца)
Возможность полностью удаленной работы, либо гибридного графика с посещением уютного офиса в 5 минутах от ст. м. улица 1905 года
Days-off (больничный без больничного) — 6 раз в год, не больше 2 раз в месяц
Оплата участия в 1 конференции в год (доступно после 9 месяцев работы).Откликнуться только с соответствующим опытом @Ritttka1 c указанием вакансии.",Full Stack PHP-разработчик,GetCourse,от 250000 руб.,@Ritttka1,senior
5,"#job #вакансия #работа #fulltime  #TS #Typescript #vue #frontend #удаленка #senior

Вакансия: Frontend разработчик
Компания: Travelata
Город: Москва
Вилка: 280к-320к.net
Формат: удаленный

О компании:
Travelata — крупная туристическая компания с международными инвестициями более 10 млн. долларов. Входит в группу компаний, работающих в 5 странах Европы, и является членом Альянса Туристических Агентств.

Компания “Travelata” ищет senior frontend разработчика с опытом от 5 лет.
 
🔸Технологический стек и используемые инструменты: Vue.js, Vuex, Typescript, Webpack, Backbone.js, Backbone.Epoxy, Angular.js, Bootstrap, jQuery,   jQuery Mobile, underscore.js.
 
🔸Вам предстоит:
-Проектировать и разрабатывать новые компоненты портала по поиску туров, рефакторить и дорабатывать существующие компоненты;
-Верстать макеты, экспортированные из Sketch в Zeplin;
-Писать unit-тесты на Jest;
-Находить решения сложных задач и уметь самостоятельно превратить бизнес-идею в поддерживаемый код;
-Активно участвовать в обсуждении задач, предлагать UI-UX решения и архитектурные решения Frontend задач;
-Участвовать в переработке и усовершенствовании архитектуры и инфраструктуры проекта;
-Активно предлагать и внедрять новые технологии в проект;
-Проводить Code Review задач Middle и Senior разработчиков.
 
🔸Мы ожидаем:
-Уверенное владение фреймворком Vue.js;
-Опыт разработки на Typescript;
-Опыт написания Unit-тестов с использованием Jest;
-Отличные знания Sass/Less, Vanilla Javascript;
-Хорошие знания ООП и современных трендов разработки. Знание и понимание паттернов -проектирования;
-Понимание принципов SSR и опыт работы с Nuxt.JS;
-Pixel perfect верстка;
-Умение писать семантически правильный html, соответствующий стандартам W3C;
-Хороший уровень коммуникаций с окружающими и вдумчивое выполнение поставленных задач;
-Пунктуальность, соблюдение сроков, хорошие навыки планирования, умение структурировать задачи.

Плюсом будет продвинутый опыт настройки системы сборки проекта Webpack, опыт проектирования архитектуры приложения с нуля, опыт написания BFF приложений на Node JS, знание и понимание принципов построения фронтенда сложных приложений, опыт работы с docker. 

🔸Мы предлагаем:
-Оформление по ТК РФ;
-ДМС после испытательного срока;
-Возможность удаленной работы;
-График работы 5/2;
-Скидки на все продукты компании;
-Готовы предоставить необходимую технику для работы;

ℹ️Для получения более подробной информации: @ann_gfio.",Frontend разработчик,Travelata,280000-320000 руб.,@ann_gfio,senior
33,"🏳️ Вакансия: React Developer 🏳️

Только для граждан РФ🇷🇺

Ищу React специалиста Middle+ с опытом от 3 лет, для разработки SPA.
Клиент - крупный банк.❗️

Формат работы: удаленный 
Занятость: полная


Зарплата: 180 000 - 230 000 руб
Официальное трудоустройство

От вас нужно:
✅ Умение строить простую и расширяемую архитектуру
✅ HTML5
✅ CSS3 (flexbox, greedbox)
✅ JavaScript (ES6+)
✅ Опыт с TypeScript не менее 1 года
✅ Опыт коммерческой разработки на React от 3 лет
Пишите в личку 👋",React Developer,крупный банк,180000-230000 руб.,None,middle+
15,"#вакансия #PHP #Symfony #developer #fulltime #remote #удаленно #работа #vacancy

Вакансия: PHP-developer (Symfony)
Формат работы: удаленный
Тип занятости: полная
Зп: до 240 000 рублей (белая)
Оформление: официальное

Мы аккредитованная сервисная IT-компания KT.Team. С 2013 года разрабатываем программное обеспечение для среднего и крупного бизнеса и внедряем существующие программные продукты в контур с любыми доработками.

👨‍💻Наши ожидания:
- опыт работы с PHP 7/8 и Symfony от 2,5 лет;
- знания ООП и паттернов проектирования, понимание спецификации REST;
- умение работать с Docker, писать тесты;
- знание Kubernetes/Openshift;
- уверенное пользование GIT, опыт работы с GITLAB CI/CD, Jenkins, Github Actions;
- опыт работы по Scrum, уверенная работа на Linux.

🔥Будет плюсом:
- опыт работы с ElasticSearch, Redis;
- опыт разработки через тестирование (TDD);
- знание подходов и практик предметно-ориентированного проектирования (DDD);
- опыт работы с ESB, Pimcore.

Что мы хотим видеть в наших разработчиках:
- самостоятельность и способность находить решение задач;
- желание работать в команде, знать метрики проекта, помогать коллегам;
- способность реалистично оценивать задачи и соблюдать озвученные сроки.

От нас:
🔸частичная компенсация английского языка/психолога/обучающих курсов и другие бенефиты;
🔸вы всегда можете приехать в офис Тольятти для очного знакомства с командой и совместных мероприятий - мы это ценим.

Жду ваши CV и вопросы 📩 @innahotim",PHP-developer,KT.Team,до 240000 руб.,@innahotim,middle+
29,"📝 Retention Manager (iGaming)
Формат: удаленно, полная/частичная занятость.
Задачи:
- Общая организация и контроль процесса ретена.
- Составление недельного/месячного плана взаимодействия по сегментам игроков.
- Контроль выполнения задач, анализ выполнения, составление отчетности.
- Пересмотр текущих циклов, воронок и сегментов, создание новых, изменение текущих на основе полученных данных.
- Внедрение новых механизмов, умение обосновать что и зачем мы делаем.
- Умение оперативно организовывать кампании в зависимости от текущего состояния проекта.
Отлично, если у вас есть:
- Опыт работы на схожей позиции в сфере iGaming/gambling. 
- Опыт и понимание мониторинга работы команды.
- Базовый английский.
 Буду рада ответить на все вопросы 📩 @alesyaly",Retention Manager,None,None,@alesyaly,None
19,"#job #вакансия #работа #fulltime #remote #python #django #удаленка  #senior 

Позиция: Senior Python developer
Компания: Skillbox
Формат: Удаленно/офис
Местоположение: Россия, Москва
Вилка: 300-400к .net 
Занятость: full-time

Приглашаем тебя стать частью команды Skillbox — ведущей образовательной онлайн-платформы в России, которая объединяет ведущих экспертов и практиков рынка. Сейчас на платформе из более чем 800 образовательных продуктов, а также корпоративным обучением для бизнеса.

В настоящий момент Skillbox активно ищет опытного Senior Python разработчика, с опытом работы не менее 5 лет, который готов присоединиться к их дружной команде, ответственной за развитие образовательной платформы.

Технический стек: Python, Django, FastAPI, Redis,  RabbitMQ, pytest, PostgreSQL.

Тебе предстоит:
- Разрабатывать платформу обучения и связанных сервисов;
- Проектировать архитектуру сервисов и их взаимодействий;
- Покрывать код тестами (юниты/функциональные/интеграционные), codereview, разбирать ошибки;
- Коммуницировать со смежными подразделениями (frontend, devops, management, QA и пр)

А теперь об условиях:
- Оформление по ТК РФ или другому удобному для тебя способу (ИП, ГПХ, самозанятость);
- Возможность работать из любой точки мира;
- Аккредитованная it-компания;
- ДМС;
- Бесплатный доступ ко всем курсам Skillbox;
- Удаленная работа или комфортный офис около м.Октябрьская;
- Гибкий график;
- Корпоративные скидки от партнеров.

Если хочешь узнать подробнее, пиши: @ann_gfio",Python developer,Skillbox,300000-400000 руб.,@ann_gfio,senior
24,"#Вакансия #Удаленно
Всем привет!🖐
Мы - «КСА» - аккредитованная IT компания, осуществляем деятельность в области информационных технологий.
Официальный партнер фирмы ""1С"".

🔍Ищем: Программист 1С:ЗУП;
- Формат работы: удаленный;
- График: Full-time;
-Трудоустройство в аккредитованную IT компанию по ТК РФ/ГПХ/ИП, самозанятость;
- Оклад на руки: 220 000 - 250 000 рублей на руки;
- Белая конкурентоспособная оплата труда;
- ДМС после испытательного срока.

✔️Задачи:
- Разработка по направлению 1С:ЗУП.

🤗Пожелания к опыту:
- Знание типовой конфигурации ЗУП;
- Умение разбираться в чужом коде и исправлять ошибки;
- Умение работать с управляемыми формами;
- Навыки работы с расширениями конфигурации;
- Опыт работы с различными механизмами обмена данными между системами;
- Опыт работы с хранилищем;


🕝Ожидаю резюме здесь: @saras770.",Программист 1С:ЗУП,КСА,220000-250000 руб.,@saras770,None
40,"#вакансия #удаленно #системный_аналитик

Компания: Amber
Позиция: Системный аналитик
Грейд: Middle/Senior
ЗП: до 300 000 тыс руб
Локация: СТРОГО РФ

Всем привет! 
МЫ сейчас в поиске системного аналитика на банковский проект

Описание проекта:
Провести  анализ по выявлению систем источников для построения CVM отчетности 1 приоритета

Чем предстоит заниматься:
 -уточнение требований к построению итогового отчета;
-написанние STT от источника до витрины;
-проведение тестирования совместно с бизнесом.

Требования:
-знанение принципов построения хранилища данных
-опыт написания и согласования STT
-подготовкая прототипов данных
-умение написания sql запросов
-знание GreenPlum и BI инструментов
-умение работать с большим количеством данных и запросов
-опыт работы с маркетинговыми кампаниями является преимуществом

Что мы предлагаем:
-Оформление по ТК РФ в ИТ компанию (также возможно оформление как ИП или СЗ)
-Возможность профессионального роста;
-График работы по договоренности: удаленка, гибрид или офис. 
- Полный рабочий день, полная занятость;
-Работаем по Московскому времени;
-Заработная плата обсуждается индивидуально с успешным кандидатом.

Связаться со мной,
@Sholpan771.",Системный аналитик,Amber,до 300000 руб.,@Sholpan771,"middle,senior"
12,"#вакансия #qa #auto #fulltime #remote #vacancy

🔎 Ищем Tech Lead QA в финтех продукт 🔍

📍 УДАЛЕННО (Кипр, Казахстан, Грузия Турция)
_______________

💰ЗП: от 3000$ и выше + ДМС, техника
+ регулярный пересмотр грейда и ЗП
КА: RecruitIT 

Мы финтех компания, которая занимается разработкой платежных решений на международном рынке. 

Делаем классный платежный сервис, с возможностью как карточных переводов так и крипты.

📍На данный момент ищем Tech Lead QA auto для управление командой QA в интеграционном блоке.

☑️ Наш идеальный напарник:
* от 4х лет опыта автотестирования; 
* опыт управления командой;
* будет плюсом опыт на php или желание его освоить.

💡 Чем предстоит заниматься:
* написание планов тестирования, тест-кейсов и контрольных списков; 
* обеспечивать поддержку и руководство для тестировщиков;
* распределение задач, контроль и оценка результатов тестирования;
* писать автотесты и заглушки.

🔥Взамен приготовили для вас:

* белая ЗП + регулярные пересмотры;
* удаленный формат работы;
* отличная техника;
* обеспечиваем хорошей ДМС;
* корпоративный английский, компенсация фитнеса;
* поддержка психолога и юриста.
______________________________________

Обсудим? @ResearcherRIT",Tech Lead QA,RecruitIT,от 3000 $,@ResearcherRIT,"middle+, senior"
39,"Привет! 
Мы компания Траст Строй, занимаемся аутстаффиногом строительного персонала. 
Сейчас разрабатываем IT платформу по подбору персонала- совершенно новый и классный продукт.

Поэтому, мы приглашаем в команду высококлассного профессионала - Backend Python разработчика (Senior).

Наша миссия — это формирование единой отраслевой онлайн-платформы в России, предназначенной для обеспечения подбора персонала и цифровизации основных задач процесса рекрутинга в сфере строительства.

✅Чем предстоит заниматься:

-Участие в создании и развитии серверной части нашего приложения;
-Работа в продуктовой команде (Owner продукта, UX/UI-дизайнер, frontend и backend-разработчики);
-Интеграция с внешними сервисами;
-Поддержка и развитие существующих решений - бэкенд, базы данных, очереди задач;
-Оптимизация приложений и микросервисов, внедрение лучших практик в кодовую базу.
 
✅Что мы ожидаем от кандидата:

-Отличные знания и большой опыт работы с Linux и СУБД;
-По БД: знание PostgreSQL, понимание репликации, сегментирования (шардинга), принципов ACID, оптимизации, транзакции, сложные запросы;
-По ОС Linux: опыт работы с высоконагруженными системами, опыт построения CI/CD;
-Понимание принципов SOLID, DRY, KISS;
-Понимание паттернов GRASP.
-Стандарты PSR;
-Опыт работы с брокерами сообщений (например: RabbitMQ/Kafka/Redis Streams);
-Опыт оценки и принятия архитектурных решений и оптимизации производительности;
-Опыт написания юнит и интеграционных тестов, проектирование REST API, проектирование микросервисов.
-Опыт работы с Flask, Docker, docker-compose, Kubernetes, Nginx, Apache, инфраструктурой Yandex.Cloud;
-Знания классических алгоритмов и структур данных, сортировки, алгоритмов на графах, динамического программирования.
-Понимание, что такое асинхронное программирование, как оно устроено в языке Python и умение работать с микросервисной архитектурой.
-Знание новых библиотеках, опыт в написании тестов, в том числе нагрузочных, понимание принципов работы очередей сообщений (RabbitMQ, ActiveMQ).
-Обязателен опыт промышленной разработки на Python!!

✅Условия:

-Полная занятость, удаленная работа;
-Работа из дома (40 часов в неделю, без совместительства и freelance);
-Предлагаем достойную оплату, оформление по ТК, карьерный и профессиональный рост.
-Уровень ЗП оговаривается с каждым кандидатом индивидуально.

📍Резюме и вопросы направляйте пожалуйста сюда : @Lyubov_Vladim",Backend Python разработчик,Траст Строй,None,@Lyubov_Vladim,senior
45,"#вакансия #продажи 

Позиция: «Менеджер по развитию партнерской сети»
Компания: AMBER
График: удаленно или гибрид 
Зарплата: от 130 тыс (фикс+ % от продаж)

В рамках развития компании «ЭМБЕР» и выхода на международные рынки с целью продажи собственных решений на платформе AMBER, предназначенной для автоматизации бизнес-процессов, в компании открывается позиция Менеджера по развитию партнерской сети на зарубежных рынках.

Мы ищем специалиста с наработанными связями в международных интеграторах и методами выстраивания международных продаж программного обеспечения для автоматизации бизнес-процессов.

Цели:
-Выстраивание партнерской сети в дружественных странах, активное привлечение партнеров-интеграторов, которые будут приносить компании коммерческую прибыль;
-Развить направление в полноценный отдел, который Вы возглавите

Чем предстоит заниматься:
-Выстроить систему зарубежных продаж через партнеров-местных системных интеграторов;
-Активный поиск партнеров и выстраивание долгосрочных взаимовыгодных отношений с ними;
-Развитие партнерской программы и создание информационных материалов для партнеров;
-Осуществление полного цикла партнерских продаж (отработка запросов, уточнение потребностей, организация демонстрации платформы, подготовка коммерческих предложений, заключение договоров, контроль расчетов);
-Информационная поддержка партнеров, обучение партнеров, инициация совместных мероприятий, участие в кросс-маркетинге с партнерами;
-Отличное знание возможностей платформы AMBER;
-Регистрация запросов, партнеров, активностей в CRM;
-Предоставление отчетности по стандартам компании;
-Выполнение планов продаж и KPI.

Наши ожидания от будущего коллеги:
-Опыт работы по построению и развитию партнерской сети в IT-вендоре;
-Опыт разработки партнерских программ;
-Наработанная база контактов в ключевых интеграторах СНГ и дружественных стран;
-Высшее техническое образование;

Будет плюсом:
-Отличные навыки привлечения партнеров, ведения переговоров;
-Умение найти индивидуальный подход к каждому партнеру.

Что мы предлагаем:
-Оформление в аккредитованную IT-компанию;
-Возможность профессионального роста;
-График работы по договоренности: удаленка, гибрид или офис. Полный рабочий день, полная занятость;
-Работаем по Московскому времени;
-Оформление по ТК РФ (также есть возможность оформления как ИП или самозанятый)
-Заработная плата обсуждается индивидуально с успешным кандидатом (фикс +% от сделки)

📩 Если тебе интересно присоединиться  к команде профессионалов, пиши @Sholpan771",Менеджер по развитию партнерской сети,AMBER,от 130000 руб.,@Sholpan771,None
1,"#вакансия #node #vue #fullstack #удаленно 

Формат работы: Удаленно, на момент оформление нужно быть в РФ
Занятость: Полная 
Компания: КА ""АйтиКА"" ищет для заказчика 
Зарплатная вилка: 300-380 т.р. на руки
Варианты трудоустройства: ТК РФ

Ищу Full-stack разработчика (Node.js, Vue.js, Nuxt.js) в строительную компанию, которая более 20 лет занимается постройкой элитной жилой и коммерческой недвижимости. Компания имеет it-аккредитацию. Проект - корпоративные сайты. Задачи от простых (поправить, заменить) до реализовать выборщик или калькулятор. В команде 5 человек. Всего 1 этап интервью.

Что нужно делать:
- Разрабатывать новые модули на сайтах, проводить их оптимизацию.
- Принимать участие в разработке ТЗ на совершенствование сайтов.
- Разрабатывать техническую документацию на созданные программные решения.
- Сопровождать внедрение новых решений, связанных с сайтами.

Мы ожидаем:
- От 3-х лет опыта на аналогичной должности.
- Уверенное знание и опыт разработки: Node.js, JavaScript, Vue.js, CSS, HTML5, MySQL или PostgreSQL
- Желателен опыт работы с Nuxt.js (или желание его освоить).
- Git, nginx/apache, linux bash, docker/podman, понимание как работает контейнеризация в linux
- Умение оптимизировать сайт под desktop- и mobile-браузеры.

Мы предлагаем:
- Заработная плата оклад и ежеквартальная премия.
- Разнообразие проектов, сложные и интересные задачи.
- Возможности для профессионального роста и развития.
- Удаленный формат работы или офис в центре Москвы.
- ДМС после испытательного срока.

Интересно? Давай обсудим детали @artur_vv",Full-stack разработчик,"КА ""АйтиКА""",300000-380000 руб.,@artur_vv,middle
26,"#вакансия #удалено #C #NET 


🔥C# Engineer🔥

- Company: GGEM
- Format: Remote
- Employment: Полная
- Salary: Почасовая 17-20$
- Выплата как в Валюте так и в Крипте

🚀GGEM is the ultimate gaming ecosystem bridging Web2 and Web3 gaming communities. The platform brings together a gaming portal, in-game asset renting marketplace, academy for gamers, big gaming events, tournaments, and more.


⚡Требования: 

- Опыт C#, .NET
- Опыт в декстопной и кросплатформенной разработке - ОБЯЗАТЕЛЕН 
- Опыт Маршалинг

Мы в поиске сотрудника для проектной работы, также в дальнейшем возможен переход в штат компании

- Нужно разработать кросплатформенный установщик программ, подробнее расскажем при встречи 

🤝Добро пожаловать в GGEM!

Мы будем очень рады, всем кто присоединиться к нашей команде в качестве нового сотрудника. Вступая в это увлекательное путешествие вместе с нами, мы хотим подчеркнуть, что вы не просто сотрудник, а неотъемлемая часть видения и миссии нашей компании. Ваш уникальный опыт, навыки и взгляды будут играть важную роль в формировании успеха наших продуктов и развитии нашей организации.


📲For questions:
Contact: @AlexMayel",C# Engineer,GGEM,от 17 до 20 $ в час,@AlexMayel,None
13,"#вакансия #vacancy #systemanalyst #analyst #sa #удаленка #remote #fulltime #middle #senior

Привет всем! Я HR-специалист компании Brief, меня зовут Света👋
Сейчас наша команда в поисках System Аnalyst (middle+/ senior)👨‍💻💻

Мы предлагаем:
• Занятость: full-time
• Формат работы: удаленный
• Локация: не имеет значения
•Трудоустройство: ТК РФ, ИП, ГПХ, самозанятость
• Зарплатная вилка: 240.000-300.000 рублей

💁‍♀️Задачи, которыми предстоит заниматься:
• Выявлением и формализацией требований
•Подготовкой технической документации
• Анализом бизнес-требований и генерацией идей
• Проработкой технических решений, интеграционных взаимодействий
• Написанием подробных технических заданий 
• Участием в разработке архитектуры продуктов и концепций
• Формализацией требований с использованием UML-диаграмм, пользовательских историй и др.
• Дальнейшим сопровождением артефактов. 

😉Ожидания по опыту:
• Опыт работы системным аналитиком от 3-х лет  (преимуществом будет направления продажи, логистика)
•  Опыт работы с Jira и Confluence
•  Опыт использования BPMN, ERD, UML диаграмм
•  Опыт решения интеграционных задач (REST, SOAP)
•  Знание SQL и принципов проектирования баз данных
• Опыт работы с реляционными/нереляционными БД
•  Понимание форматов XML/XSD, JSON
•  Умение работать с SoapUI, Postman

Буду рада отклику и отвечу на все вопросы:
📱 @smirnsvet",System Analyst,Brief,240000-300000 руб.,@smirnsvet,"middle+, senior"
30,"#вакансия #удалёнка #IT
Здравствуйте! Компания Outlines Tech - IT решения для финансового сектора - в поиске Разработчика PowerBuilder
Вилка: до 290 тыс. на руки
Формат работы: удаленно

Задачи:

- Техническое проектирование и кодирование программного обеспечения;
- Чтение, рецензирование, согласование технической документации;
- Оценка трудоемкости разработки на основе технологической документации;
- Первичное тестирование разработанного продукта;
- Отражение выполняемых работ в автоматизированных системах учета;
- Исправление дефектов программного обеспечения;
- Подготовка дополнительной технической документации;
- Сопровождение разработанного программного обеспечения;
- Экспертиза существующих систем, моделей и применяемых технологий, в том числе в конфликтных, аварийных ситуациях;
- Участие в процессах внедрения и сопровождения систем (поддержка требований);
- Консультация смежных подразделений, взаимодействие по сложными вопросам;
- Работа в программе Smart, доработка.

Требования:

- Опыт работы с Informix и Appeon PowerBuilder.

Условия:

- Работа в аккредитованной IT-компании
- ДМС со стоматологией
- Разговорный клуб английского раз в неделю
- Компенсация обучения, аудио, видео подписки
- 5 days off 

Контакт для связи: @mnoita",Разработчик PowerBuilder,Outlines Tech,до 290000 руб.,@mnoita,None
20,"#job #analyst #vacancy #Russia #fulltime #вакансия #работа #удаленка #remote #systemanalyst #middle
 
Должность: Системный аналитик
Компания: INFOPRO
https://www.info-pro.ru/
Локация: Самара
Вилка: 100-200к .net
Трудоустройство:ТК РФ, ИП, ГПХ
Формат работы: Удаленный/гибрид/офис

Компания активно ищет системного аналитика для усиления своей команды и реализации новых амбициозных задач.

INFOPRO - международный интегратор, который специализируется на цифровом преобразовании бизнес-процессов в энергетике и коммунальном секторе для повышения их экономической эффективности.

🔹Тебе предстоит:
· Проводить исследования бизнес-процессов;
· Анализировать бизнес требования;
· Участвовать в проектировании системных решений;
· Формализовывать требования, разрабатывать концепцию решения, технические задания;
· Взаимодействовать с командой разработчиков;
· Проверять разработанные решения на соответствие требованиям заказчика, участвовать в приемо-сдаточных испытаниях;
· Оценивать сроки выполнения задач.

🔹Что нужно на этой позиции:
· Опыт в IT от 2 лет и взаимодействие с бизнес-подразделениями; 
· Разработка проектной документации и технических заданий; 
· Понимание реляционных БД; 
· Навыки SQL и программирования.

Будет плюсом: 
· Знание теплоэлектроэнергетики.

🔹Компания предлагает:
· Полностью удаленную работу или гибрид (офис г. Самара);
· Гибкое начало и окончание рабочего дня;
· Корпоративное ДМС после года работы в компании;
· Оформление по ТК РФ или другим удобным для тебя вариантом (ИП, ГПХ).

Если интересно, напиши: @ann_gfio",Системный аналитик,INFOPRO,100000-200000 руб.,@ann_gfio,middle
22,"#vacancy #Java_developer

Позиция: Java developer middle (middle+) 
Вилка ЗП: 200.000-250.000 руб. на руки
Формат работы: удаленно, гибрид, офис - полная занятость
Локация: СТРОГО РФ
Требуемый опыт работы: 3–6 лет

Профиль нашей компании – разработка ПО на заказ.

Более 20 лет работаем над инновационными решениями для наших клиентов, среди кейсов – сотрудничество с Intel и IBM.
Наши сотрудники развиваются по индивидуальным планам, изучая практики разработки ведущих IT-компаний. Растут как востребованные на глобальном рынке специалисты.

Сейчас мы в поиске опытного Java разработчика на финтех-проект одного из крупнейших банков РФ.

Наши ожидания:
•  Опыт разработки на Java 11+ от 3-х лет.
•  Знание Spring, Spring Boot, Spring Data.
•  Знания ООП, алгоритмов, структур данных.
•  Опыт разработки приложений с микросервисной архитектурой.
•  Опыт работы с базами данных.
•  Понимание принципов работы очередей (RabbitMQ, ActiveMQ, Kafka).
•  Опыт работы с Docker, k8s, openshift.

Будет плюсом:
•  Опыт работы с реактивным стеком - webflux, r2dbc, reactor-kafka, reactor-rabbitmq.
•  Высшее техническое образование.

Что мы предлагаем:
•  Участие в масштабном проекте
•  Работу в аккредитованной IT-компании
•  Удалённый формат работы или посещение офиса по желанию
•  Современную технику для решения рабочих задач
•  ДМС со стоматологией с первого дня работы
•  Конкурентоспособную белую зарплату в рынке
•  Неограниченные возможности для развития и роста

Связаться со мной,
@Sholpan771.",Java developer,None,200000-250000 руб.,@Sholpan771,middle
47,"#вакансия  #vacancy #1C-bitrix  #php #office #hybrid #москва #офис #гибрид #fulltime #hiring #ищу 

Привет👋 
Мы 100UP — команда виртуозных дизайнеров, искусных проектировщиков, верстальщиков и программистов.🚀
Мы стремимся делать цифровой мир прекраснее, умеем работать, любим превосходить ожидания заказчиков, и, поверьте, нашей фантазии хватит ещё не на один шедевр!
У нас огромный опыт в разработке e-commerce проектов. Основная специализация — B2B-магазины (личные кабинеты): оказываем услуги комплексно (Сайт, 1С, оптимизация бизнес процессов, реклама, круглосуточная поддержка).
Сейчас наша дружная команда нуждается в драйвовом PHP программисте (с опытом работы с 1С-Bitrix).

📌Что мы предлагаем:
 • ЗП: от 150 000 до 200 000 руб (обсуждается индивидуально на интервью) + премии по результатам работы;
 • формат работы - офис, с 10 до 19, гибрид после испытательного срока;
 • поможем с релокацией в Москву, если потребуется (билеты, поиск жилья и др.);
 • у нас полное соблюдение ТК РФ, в т.ч. отпуск 28 календарных дней;
 • подписки на любой софт/сервис, покупка книг.

📌Что мы ждём от кандидата:
• Уверенное владение ООП;
• Хорошее знание PHP, MySQL, API «Битрикс», HTML/CSS - от 2-х лет;
• Опыт разработки и внедрения проектов под управлением CMS 1C-Битрикс обязателен;
• Умение разработки модулей и компонентов;
• Умение разбираться в чужом коде;
• Коммуникабельность, ответственность, умение работать в команде;
• Умение грамотно определять сроки;

Преимуществом будет:
• Опыт работы с GIT, SOAP;
• Опыт разработки на других CMS;
• Опыт интеграции сайта с 1С ;

📌Что предстоит делать:
 • Разработка микросервисов; 
 • Разработка нового функционала и поддержка сайтов - на CMS Bitrix, если знакомы с Yii2 – на нем в том числе;

Буду рада обсудить детали и познакомиться 👉 @romanenko_daria",PHP программист,100UP,150000-200000 руб.,@romanenko_daria,middle
43,"#junior #vacancy #вакансия #recruiter

Junior IT Recruiter
Full-time | Remote

Привет! 👋
Меня зовут Настя, я рекрутер компании AIPeople. Наша команда занимается передовыми проектами в сфере финтеха. ML и блокчейн - это наша стихия. Работаем из офисов в Петербурге, на Кипре и удаленно.
Сейчас мы ищем в нашу команду Junior IT Recruiter.
Мы готовы рассмотреть кандидатов с минимальным опытом в IT подборе, но большим желанием развиваться в этом направлении. У нас небольшая команда из 2х человек, будем рады, если ты тоже к нам присоединишься!
Спектр задач на позицию довольно стандартный. Что важнее - это твой подход к работе, самостоятельность и желание достичь результата!

Чем предстоит заниматься:
 • Снятие заявки на вакансию, формирование профиля подходящего кандидата;
 • Формирование пула кандидатов используя различные источники, первый контакт с ними;
 • Ведение кандидата по всем этапам до оффера, предоставление оперативной обратной связи;
 • Ведение базы кандидатов (у нас Huntflow);
 • Мониторинг и анализ рынка.

Что мы ищем в своем будущем коллеге:
 • Опыт работы IT рекрутером от полугода;
 • Самостоятельность;
 • Ты читаешь статьи и тг каналы по теме, слушаешь подкасты, у тебя есть профессиональные цели;
 • У тебя развитая эмпатия и эмоциональный интеллект;
 • Ты подходишь к работе ответственно и с душой.

Что мы как компания можем тебе предложить:
 • AIPeople - компания с гибкими подходами, с большой свободой и ответственностью у каждого. Единственное, что у нас отсутствует - это бюрократия
 • Опыт работы с умными людьми и, соответственно, с нетривиальными технологиям;
 • Возможность работать удаленно, из любой удобной для тебя локации

Если интересно с нами поработать - откликайся и обязательно напиши в сопроводительном письме какими нестандартные инструменты поиска ты используешь и через какой самый нетривиальный ресурс тебе удалось закрыть вакансию.

Контакт для отклика: @nastyaishiring",IT Recruiter,AIPeople,None,@nastyaishiring,junior
3,"#job #vacancy #C #developer #backend #middle #senior

🌟 Вакансия: C/C++ Developer (Middle, Senior) 
🏢 Компания: NTS
🌐 Сайт: NTS
📍 Город: Москва, Санкт-Петербург, Нижний Новгород
💰 Зарплатная вилка: 140-300 тыс. руб. (зависит от опыта)
💼 Формат работы: Офис/гибрид

🚀 О компании:
NTS - динамичная компания, основанная в 2014 году, специализирующаяся на разработке и производстве операторского класса телекоммуникационного оборудования. Мы также предлагаем профессиональные услуги и программно-аппаратные решения, ориентированные на базовые станции сетей сотовой связи. Присоединяйтесь к нам и воплотите свои идеи в инновационных проектах!

🔸 Технологический стек и используемые инструменты:
BOOST, STL, C++14, C++17, С99, Posix

🔸 Вам предстоит:
Вы будете разрабатывать программное обеспечение для базовых станций (уровень 2-3), где 80% работы будет состоять из программирования на C++.

🔸 Мы ожидаем:
-Глубокие знания BOOST, STL, C++14, C++17, С99, Posix;
-Хорошее понимание протоколов TCP/IP/UDP/SCTP;
-Сильные навыки цифровой обработки сигналов и связанных алгоритмов.

Будет плюсом:
-Знания Yocto, DPDK;
-Глубокое понимание LTE, 5G, SS7, Diameter, eNB, eNodeB, HSS, MME, ASN.1

🔸 Мы предлагаем:
-Оформление по ТК РФ
Конкурентную заработную плату, соответствующую вашему опыту и навыкам;
-Корпоративное ДМС со стоматологией;
-Оплату 10 календарных дней нетрудоспособности в году в размере 100% заработка.

ℹ️ Если ты хочешь узнать больше о нашей компании и вакансии, пиши нам на @ann_gfio.",C/C++ Developer,NTS,140000-300000 руб.,@ann_gfio,"middle, senior"
23,"#job #вакансия #работа #fulltime #remote #php #yii  #удаленка  #senior

Вакансия: Middle/Senior PHP developer
Компания: Водоходъ https://vodohod.com/
Вилка: 180-200к .net
Формат: удаленный

🔸О компании:
«ВодоходЪ» – крупнейшая судоходная компания и туристический оператор России. С 2004 года компания «ВодоходЪ» организует круизные путешествия с посещением самых интересных городов и уголков нашей страны, а также экспедиционные круизы в труднодоступные регионы: круизы по Енисею и круглогодичный экспедиционный тур по Байкалу. 
 
Сейчас компания находится в поиске Middle/Senior PHP разработчика для развития системы бронирования, которая является ядром создаваемой инфраструктуры.


🔸Технологический стек и используемые инструменты: PHP, Yii2, MySQL, Git, Apache. 

🔸Вам предстоит:
-Разработка центральной системы бронирования;
-Проработка архитектуры разрабатываемого программного обеспечения;
-Проведение код-ревью;
-Выработка технических решений и их оценка;
-Обеспечение бесперебойной работы программного обеспечения.

🔸Мы ожидаем:
-Уверенное владение PHP (опыт промышленной разработки от 3-х лет), фреймворк Yii2;
-Понимание REST архитектуры программного обеспечения;
-Опыт работы с MySQL, Git, Unit-тестами;
-Понимание принципов работы web-серверов: Nginx, Apache.

🔸Мы предлагаем:
-Оформление по ТК РФ;
-Удаленную работу с графиком работы 5/2 из любой точки РФ, главное работать по часовому поясу МСК (с 10:00 - 19:00 по мск);
-Дружный коллектив, квалифицированные наставники;
-ДМС со стоматологией;
-Скидки на круизы от компании.

Если хочешь узнать подробнее, пиши: @ann_gfio",PHP developer,Водоходъ,180000-200000 руб.,@ann_gfio,"middle, senior"
44,"#вакансия #python #middle #fulltime #remote #удаленно #crypto #blockchain

Вакансия: Middle Python Developer
Компания: ALEX GROUP COMPANY
Вилка: от 3000 до 3600 USD

AlexGroup - компания занимающаяся созданием и переводом контента на криптовалютную тематику носителями. За 8 лет работы сотни крупнейших компаний стали нашими клиентами. Ищем специалиста для развития нового бизнеса на базе блокчейна

Требования:
— Опыт разработки на Python от 2-х лет.
— Опыт работы с фреймворками, такими как Django или Flask.
— Знание SQL и опыт работы с MySQL или PostgreSQL.
— Понимание принципов разработки RESTful API.
— Знание систем контроля версий, таких как Git.
— Умение работать в команде и коммуникабельность.
— Опыт работы  с блокчейном будет плюсом

Обязанности:
— Разработка и поддержка программного обеспечения на языке Python.
— Проектирование и разработка новых функциональных возможностей.
— Оптимизация и улучшение существующего кода.
— Работа с базами данных и создание эффективных запросов.
— Тестирование и отладка кода.
— Участие в совещаниях и обсуждениях технических вопросов.

Мы предлагаем:
— Fulltime-работа. Возможен гибкий график.
— Конкурентная ЗП от от 3000 до 3600 USD., подробнее обговорим лично
— Работа в одной из топовых команд в своей сфере
— Возможность работы на удаленке, откуда вам удобно
— Курсы по повышению квалификации от компании

Контакты: @danilavaren",Python Developer,ALEX GROUP COMPANY,от 3000 до 3600 $,@danilavaren,middle
35,"#vacancy #вакансия #go #developer #wildberries #remote #fulltime

⭐️Go Developer / WB Portal⭐️
ЗП: от 150 000 до 600 000 
Компания: WILDBERRIES

Описание
Портал Продавцов - юнит со всеми продуктами WB для продавцов: личный кабинет, загрузка и хранение контента, поиск и каталог, антифрод, биллинг, оформление товара и доставка, аналитика и многое другое.
Это 1/4 всего бизнеса WB. В сервисе более 1 млн. поставщиков, ежедневный оборот - 5 млрд. рублей.

Примеры проектов:
- Маркетплейс
Команда занимается развитием способов доставки товаров по схеме FBS и DBS.
- Маркетинг
Команда занимается разработкой всех инструментов ценообразования для товаров  - цены и скидки, календарь акций, система маркетинга (реализация и поддержка всех маркетинговых инструментов).
- Контент
В этом сервисе поставщик подгружает свои товары на сайт. Основные функции контента - создание карточек, медиасервис, взаимодействие со смежной командой, аналитика, качество данных и рейтинг товаров/продавцов.
- Коммуникация продавцов
Команда занимается налаживаем удобных способов коммуникации продавца с клиентами, с технической поддержкой WB.

💿 Ключевые требования
- опыт коммерческой разработки на Golang от 2 лет
- понимание принципов микросервисной архитектуры
- опыт работы с NATS, Kafka или другими брокерами сообщений
Основные задачи
- проектирование архитектуры решения входящих задач
- разработка высоконагруженных сервисов
- работа с базами данных

💿 Компенсация/мотивационный пакет
- полная удаленка - работайте откуда хотите
- сложные интересные проекты
- конкурентный уровень заработной платы
- ДМС после испытательного срока, по выгодным условиям
- просторные и уютные офисы в Москве 
- свободу в принятии решений
- профессиональный рост в команде увлеченных инженеров
- минимум формализма и гибкий график
- ротация между проектами (если захотелось чего-то нового)
- конференции, митапы

Откликнуться: @hr_legoit",Go Developer,WILDBERRIES,от 150000 до 600000 руб.,@hr_legoit,middle
27,"#SDR #remote #tashkent
Ptolemay (https://www.ptolemay.com/) — аутсорсинговая компания полного цикла IT-разработок для западного и ближневосточного бизнеса. Мы ищем SDR (Sales Development Representative), который поможет нам с привлечением потенциальных клиентов, их взращиванием и продажами для роста компании.

Обязанности:
- Искать и общаться с outbound лидами, используя различные инструменты (Apollo, LinkedHelper, LemList) и соц.сети
- Обрабатывать и писать кастомный аутрич inbound лидам, приходящим из различных источников (Facebook, Linkedin, Instagram, Telegram, Slack)
- Ежедневно вести отчетность (добавлять leads/deals и дополнительные данные по лиду, обновлять статуса лида) по работе в Pipedrive.
- Налаживать отношения с партнерами из похожих компаний в IT, с потенциальным сотрудничеством в формате outsourcing & oustaffing.
- Искать и изучать новые возможные каналы продаж, с конечной целью “вывода” SQL-лида на звонок.

Требования:
- Опыт работы от 6 до 18 месяцев в сфере SDR или аналогичной должности.
- Русский язык - родной; знание английского языка - upper-intermediate.
- Сильные устные и письменные коммуникативные навыки.
- Знание инструментов автоматизации продаж (Apollo, SalesNavigator, Linkedhelper, Loom, Lemlist, Airtable) будет преимуществом.
- Опыт работы в IT-сфере приветствуется.

Условия:
- Полная занятость.
- Удаленная работа.
- Гибкий график для выбора максимальной продуктивности в удобные часы.
- Прозрачная коммуникация, которая помогает быстрее прийти к решению.
- Оплата 300-1000$, а также % от закрытой сделки.

Будем рады ответить на вопросы и ознакомиться с резюме: @Dmitriy_Ptolemay, @rinapina_ptolemay",SDR,Ptolemay,300-1000$,"@Dmitriy_Ptolemay, @rinapina_ptolemay",junior
21,"#job #vacancy #sirenatravel #developer #backend

🌟 Вакансия: C# Developer
🏢 Компания: Sirena Travel
🔝 Продукт: Mixvel
🌐 Сайт: Mixvel
📍 Город: Москва
💰 Зарплатная вилка: 300-400 тыс. руб.
💼 Формат работы: Удаленный
🚀 О компании:
Sirena Travel - признанный лидер на рынке разработки и внедрения IT систем для авиаперевозчиков и туристических агентств.

🔝 Основной продукт: Mixvel - полностью автоматизированная B2B highload система бронирования, которая агрегирует весь контент travel рынка, включая расписание рейсов, стоимость билетов и многое другое. Mixvel также предоставляет аналитику на основе истории предыдущих поисков и взаимодействий клиента с агентством. Наши клиенты включают такие крупные компании, как Ozon.travel, OneTwoTrip и Kupibilet.

🌟 В связи с активным развитием продукта, разыскивается самостоятельный С# Developer, готовый внести свой вклад в команду.

🔸 Технологический стек и используемые инструменты:
.NET Core, C#, ASP.NET Web API, SQL
Архитектура: микросервисы

🔸 Мы ожидаем от тебя:
-Знание алгоритмов, структур данных и паттернов проектирования
-Опыт работы с .NET Core, C#, ASP.NET Web API, SQL
-Понимание концепций SOLID, DDD, RESTful, CQRS, KISS
-Опыт работы с XML, XSD, XSLT и Git
-Желательный опыт работы с RabbitMq, PostgreSQL и Docker
-Готовность писать юнит-тесты и активно взаимодействовать с командой разработчиков и аналитиков

🔸 Мы предлагаем:
-Полностью удаленную работу или возможность работы в офисе (Москва, м.Динамо)
-Корпоративное ДМС со стоматологией
-Оформление по ТК РФ или другим удобным для тебя вариантом (ИП, ГПХ)

💼 Если ты хочешь присоединиться к команде, разрабатывающей передовые решения в авиационной и туристической индустрии, а также получить возможность работать с инновационными технологиями, отправь мне свое резюме @ann_gfio",C# Developer,Sirena Travel,300000-400000 руб.,@ann_gfio,None
37,"✅Системный администратор (Anykey)
В компанию
MANUFAQTURY.💎Ключевая задача: Техническая поддержка пользователей компании и сопровождение общих ИТ-вопросов компании.
💎Основные обязанности:
Обработка обращений от пользователей в системе учета заявок и корпоративном мессенджере;
Поддержка пользователей удаленно и в офисе;
Подготовка оборудования для выдачи пользователям (настройка ПК/ноутбуков, оргтехники, настройка телефонов (mango-telecom));
Обслуживание ПК/оргтехники, диагностика и устранение простых проблем самостоятельно, эскалация запросов на ремонт на обслуживающую компанию;
Контроль исполнения работ и соблюдения сроков по обращениям пользователей;
Администрирование серверного оборудования;
Администрирование организации (yandex.business, yandex.cloud) - создание учетных записей, рабочих каталогов;
Администрирование voIP (mango-telecom), корпоративной сети (microtik), корпоративных wifi-роутеров;
Общение с подрядчиками в рамках зоны ответственности
Человек, который будет выполнять функцию внутреннего ИТ-саппорта компании.

Обязательные требования
📌Опыт поддержки пользователей от 1 года;
📌Опыт эксплуатации Linux-подобных систем, в частности debian-like,centos (routing, iptable, OpenVPN);
📌Опыт администрирования MS ActiveDirectory, ОС Windows, MS Office;
📌Опыт эксплуатации коммутируемого Ethernet, VLAN
В кандидате также важны
Внимательность и расторопность
Грамотная письменная и устная речь

🏡Условия работы
Место работы: Удаленно с возможностью выезда в офис (Москва, м.Кутузовская)
График работы: Возможна частичная/полная занятость
Трудоустройство по ТК, возможно по совместительству
Важно проживание на территории Москвы, чтобы иметь возможность оперативного выезда в офис по рабочим задачам
💰Вознаграждение
Размер оклада: от 80 000 руб.Отклики в лс",Системный администратор,MANUFAQTURY,от 80000 руб.,None,None
16,"#вакансия #стажировка #удаленка #аналитик #fulltime 

Аналитик 

Компания:«Автомакон»;
Формат работы: удалёнка;
Занятость: стажировка;
Контакт:@nikolaazzp

Привет! Если тебе интересно развиваться в системной или 1С аналитике, то нам точно будет что обсудить)

«Автомакон» является аккредитованной IT компанией.

📌Преимущества стажировки в «Автомакон»:

— преподаватель — эксперт с большим опытом ведения проектов;

— обучение в формате ролевых игр на основе реальных кейсов из реальных проектов;

— удаленный формат обучения;

— возможность трудоустройства в компанию для работы с известными клиентами.

🍪 По итогу стажировки вы будете:

— знать как ведется проект и понимать как работает проектная команда;

— уметь управлять проектом, чтобы сделать его качественно и в срок;

— уметь собирать бизнес-требования, проводить их анализ, перекладывать их на функциональность продукта, раскладывать на задачи;

— работать в компании в качестве аналитика.

Контакт:@nikolaazzp",Аналитик,Автомакон,None,@nikolaazzp,intern
2,"#copywriter #вакансия  #fulltime #удаленка  #remote #crypto #blockchain

Компания: ALEX GROUP COMPANY
Вилка: от 80 000 до 140 000 руб.
Вакансия: Копирайтер в сфере крипты

Мы в AlexGroup специализируемся на создании и переводе контента носителями на криптовалютную тематику и многие другие. 

Ищем копирайтера (менеджер в TG, linkedin, reddit) в крипто сфере

Требования:
— Уверенное владение английским языком: разговорный и письменный;
— Опыт работы с крипто, блокчейн и финтех проектами обязателен;
— Написание уникальных текстов  SEO-оптимизация, форматированные заголовками, абзацами, списками.;
— Составление официальных документов (питч-деки, WP, прочее).
— Подготовка любого рода текстовых материалов: статей, в том числе аналитических, пресс-релизов, SMM текстов, продающих текстов, интервью и так дале

Что мы предлагаем:
— Fulltime-работа. Возможен гибкий график (с сохранением продуктивности)
— Конкурентная ЗП от 80 000 до 140 000 р., подробнее обговорим лично
— Работа в одной из топовых команд в своей сфере
— Возможность выбора между офисом и удаленкой
— Работа в приятной атмосфере со всей атрибутикой лучших офисов планеты 
— Курсы по повышению квалификации от компании

Контакты: @danilavaren",Копирайтер,ALEX GROUP COMPANY,80000-140000 руб.,@danilavaren,middle
42,"#вакансия #работа #ПолнаяЗанятость #удаленнаяработа #QA #hiring #vacancy 
🔹Компания: Dreamsoft
🔹Позиция: QA (QA auto)
🔹Формат работы: Удаленная работа 
🔹Локация / гражданство: только РФ
🔹Занятость: Полная 
🔹ЗП: ставка открыта

💻 Требования: 
Опыт работы в тестировании от 2 лет;
Опыт тестирования API, backend; UI;
Опыт проведения интеграционного, функционального и регрессионного тестирования;
Опыт самостоятельной разработки тестовых планов и модели, оценки покрытия, постановки задач на автоматизацию тестирования;
Опыт ведения тестовой документации;
Владение навыками применения техник тест-дизайна;
JIRA/Bugzilla/TestIT
Владение навыками работы с инструментами разработчика в браузерах(Chrome DevTools/Swagger/Postman);
Умение работать с базами данных на уровне простых запросов MSSQL/PostgreSQL.

Будет плюсом:
Опыт подготовки необходимого тестового окружения;
Опыт в автоматизации тестирования;
Опыт наставничества младших коллег.

❇️Предлагаем:
Удаленный формат работы;
Виды сотрудничества (ИП,ГПХ).

📲 Контакт для связи @DreamITB  с отметкой – позиция Qa.",QA,Dreamsoft,None,@DreamITB,middle
7,"#аналитик #AWG  #Москва #CA #Senior #системныйаналитик 

💠 Вакансия: Системный аналитик
💠 Вилка: до 350 000 net
💠 Грейд: senior
💠 Формат работы: Гибрид (Посещение офиса один раз в неделю. Возможно реже (по договоренности)
💠 Локация: Москва

📲Контакты @ElivHR 
Привет! Я Элина и нахожусь в поиске системного аналитика на проект реализации платформы, которая позволяет осуществлять удаленную поддержку клиентов на всем пути взаимодействия.

💠 Для нас важно: 
• Знание UML, BPMN.
• Знание принципов REST/SOAP взаимодействий, очередей сообщений.
• Опыт работы с описанием API и процессов (sequence diagram).
• Опыт написание ТЗ для разработчиков Typescript - React.
• Опыт в создании моделей данных, построения схем межсистемного взаимодействия.
• Опыт составления и согласования системных требований к сайтам.
• Опыт составления и проработки бизнес-требований. Опыт разработки и описания бизнес-процессов as is, to be.
• Умение проводить экспресс оценку требований.
• Иметь возможность посещать Московский офис около 1 раза в неделю (возможно реже).

💠 Чем предстоит заниматься:
• Собирать бизнес требования.
• Участвовать в разработке архитектуры решения.
• Созданием технической документации: диаграмм, описание процессов, аспектов работы системы, инструкций.
• Описанием backend-repositories, базы, CRUD.
• Описанием процессов Camunda.
• Проектированием процессов backend в оркестраторе (Platformeco).

  💠 У нас в AWG:
✅Гибкое начало рабочего дня и удалённый формат работы.
✅ДМС, фитнес, повышение квалификации, изучение языков, авиабилеты, услуга психолога, и многое другое;
✅Корпоративная культура! Мы любители спортивных мероприятий, квестов, а еще сами организовываем ивенты на нашей открытой террасе в центре Москвы
✅Путешествия. Мы устраиваем корпоративные выезды (https://www.youtube.com/watch?v=-jjGVQhX5LM) два раза в год!",Системный аналитик,AWG,до 350000 руб.,@ElivHR,senior
34,"#vacancy #вакансия #ios #remote 

⭐️ Release manager / Основное мобильное приложение⭐️
ЗП: от 150 000 ₽ до  350 000 ₽
Компания: WILDBERRIES

Описание
Мы ищем релиз менеджера в команду iOS-разработки основного мобильного приложения WB (4.9 рейтинг в AppStore).

Ключевые требования ↩️
- Более двух лет работает на должности релиз-менеджера / проджект-менеджера;
- Обладаешь базовыми знаниями в iOS-разработке;
- Умеешь контролировать релизный цикл и следить за дедлайнами;
- Готов предлагать идеи по оптимизации процессов;

↪️ Основные задачи
- Планирование этапов жизненного цикла релизов;
- Управление релизной политикой;
- Контроль реализации и выпуска фичей в рамках запланированных сроков;
- Взаимодействие с командами (QA, iOS, Backend и т.д.);
Компенсация/мотивационный пакет
- Полная удаленка, гибрид или офис с диванчиками, гамаками, качелями, кафе и зелеными зонами. Мы находимся на метро Парк Культуры;
- Бесплатное неограниченное питание в офисах компании;
- Современный стек, все команды горят работой, нет бюрократии и тайм-трекеров;
- Официальное трудоустройство в аккредитованную IT- компанию с 1 рабочего дня;
- Не зависим от инвесторов, стабильно продолжаем работать и стремительно идем к успеху;
- Гибкий график работы (ориентированность на задачи);
- Конкурентная заработная плата без задержек.

➡️ Откликнуться: @invader_s",Release manager,WILDBERRIES,от 150000 до 350000 руб.,@invader_s,middle
25,"#job #vacancy #вакансия #офис #релокация #OpenStack #devops #engineer #english #rabbitmq #libvirt #OVS #terraform #ansible #senior #middle 


🔥DevOps (Openstack Engineer)🔥

- Формат: Офис Кипр (первые 2 месяца удаленно) 
- Помощь с переездом всей семье
- Занятость: Полная
- Вилка - 5000-6000$
- Компания: Mayflower
- English 


🚀 Мы - FunTech-компания, которая меняет индустрию развлечений, выводя ее на новый уровень восприятия и вовлеченности. Как мы это делаем? С помощью передовых технологий. Наши глобальные ИТ-продукты создаются штатной командой увлеченных технарей. Они любят работать, чтобы обеспечить наилучший пользовательский опыт.

⚡️Обязанности: 

- Исследование, интеграционное тестирование и внедрение компонентов платформы IaaS на базе OpenStack;
- Исследование, интеграционное тестирование и внедрение компонентов платформы BaaS на базе OpenStack Ironic с серверами Dell;
- Участие в совершенствовании SRE-практик в рамках сопровождения платформы на базе OpenStack;
- Сопровождение платформы: обновление компонентов, устранение проблем, участие в дежурствах в составе команды SRE.

⚡️Требования:

- Экспертные знания OpenStack в области архитектуры и взаимодействия компонентов платформы: nova, neutron, ironic, placement, swift, glance, keystone и др;
- Экспертные знания в области интеграции низкоуровневых компонентов OpenStack: OVS, libvirt, rabbitmq;
- Экспертное понимание возможности реализации принципов IaC: terraform, ansible, полноценный CI с линухами и тестовыми прогонами и т.д.

⚡️Условия:

- Крутой трамплин для личностного и профессионального роста;
- Трудовой договор по законодательству ЕС, полностью белая зарплата, рабочая виза на 3 года, поддержка компании в получении рабочих виз для членов семьи;
- Полный релокационный пакет (билеты до Лимассола для Вас и Вашей семьи, такси до офиса, апартаменты на первый месяц за наш счет);
- Индивидуальный план развития, курсы с различных платформ, которые Вам нравятся;
- Любая конференция по всему миру (мы оплачиваем участие и организуем логистику раз в год);
- Языковые курсы, вебинары по mindfulness, корпоративные скидки на Coursera и другие платформы, корпоративные программы мотивации;
- Бесплатное питание в офисе, а также бесплатный кафетерий с фитнес-баром;
- Оборудованный офис в центре города; 
- Медицинская страховка для всей семьи, мобильный пакет, поддержка при покупке автомобиля, покрытие расходов на школу/детский сад;
- Новый MacBook / iMac;
- Возможность самореализации, возможность влиять на принятие технических решений;
- Большое дружное сообщество, международные IT-команды, корпоративные мероприятия, тимбилдинги, хакатоны.


❤️We гордится нашими основными и вспомогательными продуктами, такими как собственная платежная система; AR/VR, машинное обучение, экспертиза в области компьютерного зрения и многое другое. Мы получаем прибыль от своей работы, но деньги напрямую не определяют наше развитие. Мы готовы к экспериментам - именно так мы остаемся пионерами отрасли.


📲Контакт:
Телеграмм: @Alexandr_Mayel",DevOps (Openstack Engineer),Mayflower,5000-6000 $,@Alexandr_Mayel,senior
46,"#vacancy #вакансия #go #developer #wildberries #remote #fulltime

⭐️Go Developer / WB Portal⭐️
ЗП: от 150 000 до 600 000 
Компания: WILDBERRIES

Описание
Портал Продавцов - юнит со всеми продуктами WB для продавцов: личный кабинет, загрузка и хранение контента, поиск и каталог, антифрод, биллинг, оформление товара и доставка, аналитика и многое другое.
Это 1/4 всего бизнеса WB. В сервисе более 1 млн. поставщиков, ежедневный оборот - 5 млрд. рублей.

Примеры проектов:
- Маркетплейс
Команда занимается развитием способов доставки товаров по схеме FBS и DBS.
- Маркетинг
Команда занимается разработкой всех инструментов ценообразования для товаров  - цены и скидки, календарь акций, система маркетинга (реализация и поддержка всех маркетинговых инструментов).
- Контент
В этом сервисе поставщик подгружает свои товары на сайт. Основные функции контента - создание карточек, медиасервис, взаимодействие со смежной командой, аналитика, качество данных и рейтинг товаров/продавцов.
- Коммуникация продавцов
Команда занимается налаживаем удобных способов коммуникации продавца с клиентами, с технической поддержкой WB.

💿 Ключевые требования
- опыт коммерческой разработки на Golang от 2 лет
- понимание принципов микросервисной архитектуры
- опыт работы с NATS, Kafka или другими брокерами сообщений
Основные задачи
- проектирование архитектуры решения входящих задач
- разработка высоконагруженных сервисов
- работа с базами данных

💿 Компенсация/мотивационный пакет
- полная удаленка - работайте откуда хотите
- сложные интересные проекты
- конкурентный уровень заработной платы
- ДМС после испытательного срока, по выгодным условиям
- просторные и уютные офисы в Москве 
- свободу в принятии решений
- профессиональный рост в команде увлеченных инженеров
- минимум формализма и гибкий график
- ротация между проектами (если захотелось чего-то нового)
- конференции, митапы

Откликнуться: @Fl_recruiter",Go Developer,WILDBERRIES,150000-600000 руб.,@Fl_recruiter,middle
36,"#вакансия

Middle+/Senior Backend Engineer в стартап
110 000 – 140 000 ₽/месяц
Удаленка, парттайм

Qlan  - AI стартап. Мы создаем NoCode ML платформу и нишевые сервисы для бизнеса. Наша команда - это  амбициозные и проактивные разработчики, нацеленные на изменение мира ML


🎯 Примеры будущих задач:
       - Разработка инфраструктуры для наших продуктов 
       - Разработка микросервисов для аутсорс заказов


🗿Стек нашего идеального кандидата:
      - Python, Docker, Git, Flask, FastAPI, Django


🫶 Будет здорово, если вы: 
       - Имеете  крутые репозитории на github с большим количеством звездочек))))

На связи: @laptev13",Backend Engineer,Qlan,110000-140000 руб.,@laptev13,"middle+, senior"
10,"#вакансия

Всем привет! 

Ищем программиста на верстку многостраничного сайта с элементами интернет-магазина и личного кабинета 

Основные требования:
- Верстка 1в1 с макетом - pixelperfect;
- Передача UTM-меток вместе с заявкой;
- Передача информации с какой формы была сделана заявка (главная/шапка и прочее)
- Верстка под Retina дисплеи (MacOS);
- Соблюдение всех стандартов грамотной вёрстки;
- Адаптивность по ПК, планшеты, телефоны (дизайн есть под телефоны и ПК);
- Оптимизировать скорость загрузки

Подробное ТЗ в отлик. 

Условия:
- Срок обознаете сами
- По оплате отталкиваемся от вашей оценки 

Если принимаете все требования, то:
Прикрепить ссылки на лучшие работу интернет-магазинов + описание работ: сколько стоила верстка и натяжка; сколько заняло по срокам. 

Откликаться @vlrstrtsv",Программист,None,None,@vlrstrtsv,None
11,"#вакансия #vacancy #DWH #remote #удалённо    
    
Вакансия: DWH developer
Компания:  König Labs - аккредитованная IT компания, работаем с 2014 года. Разрабатываем ПО полного цикла для бизнеса по всему миру. 
ЗП: 250000-300000 руб. на руки 
Формат работы и занятость: Удалённо, фуллтайм    
Локация: Россия       

Задачи:
- с точки зрения системного анализа: заниматься сбором данных от пользователей, структурировать, анализировать, рисовать диаграммы;
- с точки зрения DWH: написание ETL/ELT пайплайнов, python скриптов, разработка и поддержка хранилища данных.
Требования:
-опыт работы на аналогичной позиции от 5 лет;
-опыт работы с AirFlow, MS Azure,
-опыт работы с БД PostgreSQL (Advanced), MSSQL,
-опыт написания скриптов на Python.
Что мы предлагаем:
✅оформление по ТК РФ, ГПХ/ИП и полностью белую з/п;
✅уровень з/п зависит от ваших пожеланий и навыков, готовы обсуждать любую сумму;
✅заботу от компании: бонусы и премии по результатам работы, подарки и поздравления на праздники, 100% оплата больничных, до 3 sick days в месяц без оформления справки, возможность брать отгулы в счёт отпуска и отрабатывать часы в другое время;
✅гибкий график в удалённом формате - свои часы определяешь сам;
✅техника от компании для работы, либо рассрочка на выкуп техники для себя;
✅регулярные корпоративы и активности;
✅А еще профессиональное развитие: компенсация английского языка до 50% от стоимости обучения; компенсация профильных курсов до 100% от стоимости курса; возможность принимать участие и проводить митапы, доклады и различные мероприятия - поможем подготовиться, предоставим все материалы; корпоративная электронная и бумажная библиотека и база знаний, а также литература по запросу для каждого.

 Контакт для связи: @HrKristinaorekhova",DWH developer,König Labs,250000-300000 руб.,@HrKristinaorekhova,middle
14,"#job #вакансия #работа #fulltime  #JavaScript #Angular #frontend #удаленка #офис #middle

Вакансия: Frontend разработчик Angular
Компания: Nobilis.Team
Формат: удаленный или офис в городах присутствия
Город: Москва, Казань, Рязань
ЗП в рублях: 180 000 - 250 000 рублей net
HR: @Anna_HRinIT

Всем привет👋 Меня зовут Анна и я ищу  middle разработчика Angularна внутренний проект :)

🏢О компании:
Nobilis.Team —  Мы создаем и внедряем CRM-решения для полного цикла обслуживания клиентов в самых различных индустриях: банки, авто, розничная и оптовая торговли и тд 

Проект внутренний, возможно выйдет и на внешний рынок, но сейчас делаем для себя❤️
 
🧑‍💻Вам предстоит заниматься:
- Разрабатывать внутренний продукт на Angular 14 (да, последняя версия));
- Кроссбраузерной адаптивной версткой проектов по макетам;
- Коммуникациями с командой (дизайнер, бэкенд, аналитики, тестеры);
- Участвовать в планировании спринтов и оценке задач совместно с Лидом;
- Вести техническую документацию;
- Самостоятельно решать комплексные задачи;
- Плотно работать с API и с данными в формате JSON.
 
🎓Какие знания и навыки понадобятся:
- Опыт коммерческой разработки на Angular.js от 2х лет;
- Хорошее владение Vanilla JavaScript (ES6+), HTML, CSS3 (библиотеки и препроцессоры), опыт настройки сборщиков;
- Умение работать с системами контроля версий;
- Понимание принципов работы REST, WebSocket;
- Хорошие знания ООП и современных трендов разработки. Знание и понимание паттернов проектирования;
- Умение работать в кросс-функциональной команде.

💎Почему с нами классно:
- Работа в аккредитованной IT-компании (льготы IT ипотеки, отсрочки);
- Работа над внутренним продуктом для нужд компании;
- Оформление по ТК/СЗ/ИП РФ;
- ДМС после испытательного срока;
- Возможность удаленной работы;
- Корпоративные, спортивные и социальные мероприятия даже для удаленщиков, командировки по-желанию;
- Обучение и участие в профильных конференциях;
- Компенсация обучения и спортивных программ.

HR: @Anna_HRinIT",Frontend разработчик,Nobilis.Team,180000-250000 руб.,@Anna_HRinIT,middle
8,"#вакансия #HR #junior #remote #crypto #blockchain

Компания: ALEX GROUP COMPANY
Вилка: от 70 000 до 90 000 руб.
Вакансия: Junior HR Manager

AlexGroup - компания занимающаяся созданием и переводом контента на криптовалютную тематику носителями. За 8 лет работы сотни крупнейших компаний стали нашими клиентами. Ищем специалиста для развития нового бизнеса на базе блокчейна.

Обязанности:
— Участие в процессе подбора персонала, начиная от понимания требований вакансии до оценки кандидатов и иногда проведения интервью.
— Поиск потенциальных кандидатов через различные каналы, такие как базы данных, социальные сети, профессиональные сообщества и т.д.
— Составление резюме и рекомендаций для представления кандидатов руководству компании.
— Участие в организации внутренних мероприятий и процессах ориентации новых сотрудников.
— Ведение базы данных кандидатов и отчетности о ходе рекрутинговых процессов.

Требования:
— Опыт работы в области рекрутинга от года и выше
— Умение проводить рекрутинг и подбор кандидатов по IT специальностям и менеджменту
— Опыт подбора специалистов в блокчейн сфере будет плюсом
— Отличное владение русским и английским языками, как устным, так и письменным.
— Знание основных принципов и методов подбора персонала.
— Умение работать в команде и под давлением.
— Организационные навыки и внимательность к деталям.

Мы предлагаем:
— Fulltime-работа. Возможен гибкий график
— Конкурентная ЗП от 70 000 до 90 000 руб., подробнее обговорим лично
— Работа в одной из топовых команд в своей сфере
— Возможность работы полностью на удаленке
— Курсы по повышению квалификации от компании

Контакты: @danilavaren",HR Manager,ALEX GROUP COMPANY,70000-90000 руб.,@danilavaren,junior
